preambule.md;1
introduction.md;1
Introduction_dynacase/introduction.md;1
Introduction_dynacase/famille_document_attribut.md;2
Introduction_dynacase/cycle_de_vie.md;2
Introduction_dynacase/application_action.md;2
Introduction_dynacase/account_groupe_role.md;2
Introduction_dynacase/security.md;2
Introduction_dynacase/internationalisation.md;2
Introduction_dynacase/template.md;2
Archi/introduction.md;1
ClassDoc/introduction.md;1
ClassDoc/definition.md;2
ClassDoc/proprietes.md;2
ClassDoc/methodes.md;2
ClassDocFam/introduction.md;1
ClassDocFam/definition.md;2
ClassDocFam/proprietes.md;2
ClassDocFam/methodes.md;2
famille/introduction.md;1
famille/attributs.md;2
famille/parametres.md;2
famille/attributs_calcules.md;2
famille/contraintes.md;2
famille/aides_a_la_saisie.md;2
famille/hamecons.md;2
famille/parametrage_de_core.md;2
documents_systemes/introduction.md;1
documents_systemes/recherches.md;2
documents_systemes/class_searchDoc.md;3
documents_systemes/Search.md;3
documents_systemes/DSearch.md;3
documents_systemes/DSearch.md;3
documents_systemes/report.md;3
documents_systemes/masques.md;2
documents_systemes/controles_de_vues.md;2
documents_systemes/modeles_de_mail.md;2
documents_systemes/minuteurs.md;2
documents_systemes/processus.md;2
representations/introduction.md;1
representations/classe_layout.md;2
representations/vue_de_documents.md;2
representations/vue_d_attributs.md;2
representations/interface_edition.md;2
representations/range_tableau.md;2
representations/pied_de_page.md;2
representations/ooo_layout.md;2
importation_exportation_documents/introduction.md;1
importation_exportation_documents/importations.md;2
importation_exportation_documents/exportations.md;2
comptes_groupes_roles/introduction.md;1
securite/introduction.md;1
cycles/introduction.md;1
cycles/parametrage_importation.md;2
applications_actions/introduction.md;1
applications_actions/api_usage.md;2
applications_actions/action_usage.md;2
applications_actions/parametres_applicatifs.md;2
applications_actions/droits_applicatifs.md;2
API/introduction.md;1
API/Class_Action.md;2
API/Class_Action/Method_canExecute.md;3
API/Class_Action/Method_exitError.md;3
API/Class_Action/Method_getImageUrl.md;3
API/Class_Action/Property_lay.md;3
API/Class_Action/Property_Log.md;3
API/Class_Action/Property_parent.md;3
API/Class_Action/Property_session.md;3
API/Class_Action/Property_user.md;3
API/Class_ActionUsage.md;2
API/Class_ActionUsage/Method_getUsage.md;3
API/Class_ApiUsage.md;2
API/Class_ApiUsage/Method_addEmpty.md;3
API/Class_ApiUsage/Method_addHidden.md;3
API/Class_ApiUsage/Method_addNeeded.md;3
API/Class_ApiUsage/Method_addOption.md;3
API/Class_ApiUsage/Method_setText.md;3
API/Class_ApiUsage/Method_strict.md;3
API/Class_ApiUsage/Method_verify.md;3
API/Class_Application.md;2
API/Class_Application/Method_addCssCode.md;3
API/Class_Application/Method_addCssRef.md;3
API/Class_Application/Method_addJsCode.md;3
API/Class_Application/Method_addJsRef.md;3
API/Class_Application/Method_getCSSLink.md;3
API/Class_Application/Method_getJSLink.md;3
API/Class_Dir.md;2
API/Class_Dir/Method_AddFile.md;3
API/Class_Dir/Method_DelFile.md;3
API/Class_Dir/Method_postInsertDoc.md;3
API/Class_Dir/Method_postMInsertDoc.md;3
API/Class_Dir/Method_postModify.md;3
API/Class_Dir/Method_postUnlinkDoc.md;3
API/Class_Dir/Method_preInsertDoc.md;3
API/Class_Dir/Method_preUnlinkDoc.md;3
API/Class_Doc.md;2
API/Class_Doc/Method_PostCreated.md;3
API/Class_Doc/Method_PostModify.md;3
API/Class_Doc/Method_PreCreated.md;3
API/Class_Doc/Method_ReallyDelete.md;3
API/Class_Doc/Method_Refresh.md;3
API/Class_Doc/Method_SpecRefresh.md;3
API/Class_Doc/Method_SpecRefreshGen.md;3
API/Class_Doc/Method__array2val.md;3
API/Class_Doc/Method__val2array.md;3
API/Class_Doc/Method_addArrayRow.md;3
API/Class_Doc/Method_addComment.md;3
API/Class_Doc/Method_addRevision.md;3
API/Class_Doc/Method_control.md;3
API/Class_Doc/Method_copy.md;3
API/Class_Doc/Method_delete.md;3
API/Class_Doc/Method_deleteArray.md;3
API/Class_Doc/Method_deleteValue.md;3
API/Class_Doc/Method_disableEditControl.md;3
API/Class_Doc/Method_editattr.md;3
API/Class_Doc/Method_enableEditControl.md;3
API/Class_Doc/Method_getAValues.md;3
API/Class_Doc/Method_getAttribute.md;3
API/Class_Doc/Method_getDate.md;3
API/Class_Doc/Method_getDocAnchor.md;3
API/Class_Doc/Method_getFamDoc.md;3
API/Class_Doc/Method_getOldValue.md;3
API/Class_Doc/Method_getOldValues.md;3
API/Class_Doc/Method_getParamValue.md;3
API/Class_Doc/Method_getProperty.md;3
API/Class_Doc/Method_getSpecTitle.md;3
API/Class_Doc/Method_getState.md;3
API/Class_Doc/Method_getTValue.md;3
API/Class_Doc/Method_getTitle.md;3
API/Class_Doc/Method_getValue.md;3
API/Class_Doc/Method_isAlive.md;3
API/Class_Doc/Method_isChanged.md;3
API/Class_Doc/Method_latestId.md;3
API/Class_Doc/Method_postCopy.md;3
API/Class_Doc/Method_postImport.md;3
API/Class_Doc/Method_postRevive.md;3
API/Class_Doc/Method_preConsultation.md;3
API/Class_Doc/Method_preCopy.md;3
API/Class_Doc/Method_preEdition.md;3
API/Class_Doc/Method_preImport.md;3
API/Class_Doc/Method_preRevive.md;3
API/Class_Doc/Method_removeArrayRow.md;3
API/Class_Doc/Method_revive.md;3
API/Class_Doc/Method_setState.md;3
API/Class_Doc/Method_setValue.md;3
API/Class_Doc/Method_store.md;3
API/Class_Doc/Method_viewattr.md;3
API/Class_DocumentList.md;2
API/Class_DocumentList/Method_addDocumentIdentifiers.md;3
API/Class_DocumentList/Method_count.md;3
API/Class_Layout.md;2
API/Class_Layout/Method_gen.md;3
API/Class_Layout/Method_set.md;3
API/Class_Layout/Method_setBlockData.md;3
API/Class_Log.md;2
API/Class_Log/Method_Log.md;3
API/Class_Log/Method_callstack.md;3
API/Class_Log/Method_debug.md;3
API/Class_Log/Method_deprecated.md;3
API/Class_Log/Method_error.md;3
API/Class_Log/Method_fatal.md;3
API/Class_Log/Method_info.md;3
API/Class_Log/Method_warning.md;3
API/Class_ParameterManager.md;2
API/Class_ParameterManager/Method_getApplicationParameter.md;3
API/Class_ParameterManager/Method_getParameter.md;3
API/Class_ParameterManager/Method_resetCache.md;3
API/Class_ParameterManager/Method_setApplicationParameter.md;3
API/Class_ParameterManager/Method_setGlobalParameter.md;3
API/Class_ParameterManager/Method_setGlobalUserParameter.md;3
API/Class_ParameterManager/Method_setUserApplicationParameter.md;3
API/Class_SearchAccount.md;2
API/Class_SearchAccount/Method_addFilter.md;3
API/Class_SearchAccount/Method_addGroupFilter.md;3
API/Class_SearchAccount/Method_addRoleFilter.md;3
API/Class_SearchAccount/Method_docName2login.md;3
API/Class_SearchAccount/Method_search.md;3
API/Class_SearchAccount/Method_setObjectReturn.md;3
API/Class_SearchAccount/Method_setOrder.md;3
API/Class_SearchAccount/Method_setSlice.md;3
API/Class_SearchAccount/Method_setStart.md;3
API/Class_SearchAccount/Method_setTypeFilter.md;3
API/Class_SearchAccount/Method_useViewControl.md;3
API/Class_SearchDoc.md;2
API/Class_SearchDoc/Method_addFilter.md;3
API/Class_SearchDoc/Method_addGeneralFilter.md;3
API/Class_SearchDoc/Method_count.md;3
API/Class_SearchDoc/Method_excludeConfidential.md;3
API/Class_SearchDoc/Method_getDocumentList.md;3
API/Class_SearchDoc/Method_getError.md;3
API/Class_SearchDoc/Method_getIds.md;3
API/Class_SearchDoc/Method_getSearchInfo.md;3
API/Class_SearchDoc/Method_join.md;3
API/Class_SearchDoc/Method_nextDoc.md;3
API/Class_SearchDoc/Method_noViewControl.md;3
API/Class_SearchDoc/Method_onlyCount.md;3
API/Class_SearchDoc/Method_search.md;3
API/Class_SearchDoc/Method_setObjectReturn.md;3
API/Class_SearchDoc/Method_setOrder.md;3
API/Class_SearchDoc/Method_setPertinenceOrder.md;3
API/Class_SearchDoc/Method_setRecursiveSearch.md;3
API/Class_SearchDoc/Method_setSlice.md;3
API/Class_SearchDoc/Method_setStart.md;3
API/Class_SearchDoc/Method_useCollection.md;3
Actions/introduction.md;1
Advanced/introduction.md;1
Advanced/Cinematique/introduction.md;2
Advanced/Database/introduction.md;2
Advanced/Persistance/introduction.md;2
Advanced/Persistance/dbobj.md;3
Advanced/Persistance/doc.md;3
Advanced/Persistance/querydb.md;3
Advanced/Persistance/params.md;3
Advanced/Persistance/famille.md;3
Advanced/Persistance/user.md;3
Advanced/Persistance/acl.md;3
Advanced/Persistance/application-action.md;3
Advanced/Persistance/permission.md;3
Advanced/Recherche/introduction.md;2
Advanced/Recherche/searchdoc.md;3
Advanced/Recherche/dsearch.md;3
Advanced/Recherche/rapport.md;3
Advanced/Recherche/ssearch.md;3
Advanced/Authent/introduction.md;2
Advanced/Authent/provider.md;3
Advanced/Authent/session.md;3
Advanced/Security/introduction.md;2
Advanced/Security/profils.md;3
Advanced/Template/introduction.md;2
Advanced/Template/texte.md;3
Advanced/Template/odt.md;3
