preambule.md;1
introduction.md;1
Introduction_dynacase/introduction.md;1
Introduction_dynacase/famille_document_attribut.md;2
Introduction_dynacase/cycle_de_vie.md;2
Introduction_dynacase/application_action.md;2
Introduction_dynacase/account_groupe_role.md;2
Introduction_dynacase/security.md;2
Introduction_dynacase/internationalisation.md;2
Introduction_dynacase/template.md;2
Archi/introduction.md;1
ClassDoc/introduction.md;1
ClassDoc/definition.md;2
ClassDoc/proprietes.md;2
ClassDoc/methodes.md;2
ClassDocFam/introduction.md;1
ClassDocFam/definition.md;2
ClassDocFam/proprietes.md;2
ClassDocFam/methodes.md;2
famille/introduction.md;1
famille/attributs.md;2
famille/parametres.md;2
famille/attributs_calcules.md;2
famille/contraintes.md;2
famille/aides_a_la_saisie.md;2
famille/hamecons.md;2
famille/parametrage_de_core.md;2
documents_systemes/introduction.md;1
documents_systemes/recherches.md;2
documents_systemes/class_searchDoc.md;3
documents_systemes/Search.md;3
documents_systemes/DSearch.md;3
documents_systemes/DSearch.md;3
documents_systemes/report.md;3
documents_systemes/masques.md;2
documents_systemes/controles_de_vues.md;2
documents_systemes/modeles_de_mail.md;2
documents_systemes/minuteurs.md;2
documents_systemes/processus.md;2
representations/introduction.md;1
representations/classe_layout.md;2
representations/vue_de_documents.md;2
representations/vue_d_attributs.md;2
representations/interface_edition.md;2
representations/range_tableau.md;2
representations/pied_de_page.md;2
representations/ooo_layout.md;2
importation_exportation_documents/introduction.md;1
importation_exportation_documents/importations.md;2
importation_exportation_documents/exportations.md;2
comptes_groupes_roles/introduction.md;1
securite/introduction.md;1
cycles/introduction.md;1
cycles/parametrage_importation.md;2
applications_actions/introduction.md;1
applications_actions/api_usage.md;2
applications_actions/action_usage.md;2
applications_actions/parametres_applicatifs.md;2
applications_actions/droits_applicatifs.md;2
API/introduction.md;1
API/Action/introduction.md;2
API/Action/canExecute.md;3
API/Action/debug.md;3
API/Action/error.md;3
API/Action/execute.md;3
API/Action/exitError.md;3
API/Action/fatal.md;3
API/Action/getArgument.md;3
API/Action/getImageUrl.md;3
API/Action/getParam.md;3
API/Action/hasPermission.md;3
API/Action/info.md;3
API/Action/Read.md;3
API/Action/Register.md;3
API/Action/Set.md;3
API/Action/text.md;3
API/Action/Unregister.md;3
API/Action/warning.md;3
API/Application/introduction.md;2
API/Application/addCssCode.md;3
API/Application/addCssRef.md;3
API/Application/addJsCode.md;3
API/Application/addJsRef.md;3
API/Application/addLogMsg.md;3
API/Application/addWarningMsg.md;3
API/Application/getCSSLink.md;3
API/Application/getImageUrl.md;3
API/Application/getJSLink.md;3
API/Application/hasPermission.md;3
API/Application/set.md;3
API/Application/setVolatileParam.md;3
API/Application/text.md;3
API/createDoc/introduction.md;2
API/createDoc/createDoc.md;3
API/createTmpDoc/introduction.md;2
API/createTmpDoc/createTmpDoc.md;3
API/DbObj/introduction.md;2
API/DbObj/Add.md;3
API/DbObj/Affect.md;3
API/DbObj/commitPoint.md;3
API/DbObj/Complete.md;3
API/DbObj/delete.md;3
API/DbObj/exec_query.md;3
API/DbObj/modify.md;3
API/DbObj/numrows.md;3
API/DbObj/postDelete.md;3
API/DbObj/postInsert.md;3
API/DbObj/postSelect.md;3
API/DbObj/postUpdate.md;3
API/DbObj/preDelete.md;3
API/DbObj/preInsert.md;3
API/DbObj/preSelect.md;3
API/DbObj/preUpdate.md;3
API/DbObj/rollbackPoint.md;3
API/DbObj/savePoint.md;3
API/DbObj/Select.md;3
API/Doc/introduction.md;2
API/Doc/Doc.md;3
API/Doc/addArrayRow.md;3
API/Doc/addRevision.md;3
API/Doc/attachTimer.md;3
API/Doc/canEdit.md;3
API/Doc/canLock.md;3
API/Doc/canUnLock.md;3
API/Doc/control.md;3
API/Doc/convert.md;3
API/Doc/convertVaultFile.md;3
API/Doc/copy.md;3
API/Doc/delete.md;3
API/Doc/deleteArray.md;3
API/Doc/deleteValue.md;3
API/Doc/disableEditControl.md;3
API/Doc/editattr.md;3
API/Doc/enableEditControl.md;3
API/Doc/formatString.md;3
API/Doc/getAbstractAttributes.md;3
API/Doc/getAttachedTimers.md;3
API/Doc/getAttribute.md;3
API/Doc/getAttributes.md;3
API/Doc/getAValues.md;3
API/Doc/getCurSequence.md;3
API/Doc/getDate.md;3
API/Doc/getDocProp.md;3
API/Doc/getDocValue.md;3
API/Doc/getEmblem.md;3
API/Doc/getFamDoc.md;3
API/Doc/getFileInfo.md;3
API/Doc/getFileLink.md;3
API/Doc/getFromDoc.md;3
API/Doc/getHisto.md;3
API/Doc/getHtmlAttrValue.md;3
API/Doc/getHTMLTitle.md;3
API/Doc/getHtmlValue.md;3
API/Doc/getIcon.md;3
API/Doc/getLabel.md;3
API/Doc/getNeededAttributes.md;3
API/Doc/getOldValue.md;3
API/Doc/getOldValues.md;3
API/Doc/getOooValue.md;3
API/Doc/getParamValue.md;3
API/Doc/getParentFolderIds.md;3
API/Doc/getProperty.md;3
API/Doc/getRevisions.md;3
API/Doc/getRevisionState.md;3
API/Doc/getRssLink.md;3
API/Doc/getRValue.md;3
API/Doc/getSearchMethods.md;3
API/Doc/getSpecTitle.md;3
API/Doc/getState.md;3
API/Doc/getStateActivity.md;3
API/Doc/getStateColor.md;3
API/Doc/getStatelabel.md;3
API/Doc/getSystemUserId.md;3
API/Doc/getTimeDate.md;3
API/Doc/getTitle.md;3
API/Doc/getTitleAttributes.md;3
API/Doc/getTValue.md;3
API/Doc/getUserName.md;3
API/Doc/getValue.md;3
API/Doc/getValues.md;3
API/Doc/getVersion.md;3
API/Doc/hasUTag.md;3
API/DocHisto/introduction.md;2
API/DocHisto/INFO.md;3
API/Doc/isAlive.md;3
API/Doc/isChanged.md;3
API/Doc/isConfidential.md;3
API/Doc/isFixed.md;3
API/Doc/isLocked.md;3
API/Doc/isRevisable.md;3
API/Doc/latestId.md;3
API/Doc/lock.md;3
API/Doc/postConstructor.md;3
API/Doc/postCopy.md;3
API/Doc/PostCreated.md;3
API/Doc/postImport.md;3
API/Doc/PostModify.md;3
API/Doc/postRevive.md;3
API/Doc/preConsultation.md;3
API/Doc/preCopy.md;3
API/Doc/PreCreated.md;3
API/Doc/preEdition.md;3
API/Doc/preImport.md;3
API/Doc/preRevive.md;3
API/Doc/ReallyDelete.md;3
API/Doc/Refresh.md;3
API/Doc/regenerateTemplates.md;3
API/Doc/removeArrayRow.md;3
API/Doc/renameFile.md;3
API/Doc/revive.md;3
API/Doc/setFile.md;3
API/Doc/setLogicalName.md;3
API/Doc/setState.md;3
API/Doc/setTitle.md;3
API/Doc/setValue.md;3
API/Doc/SpecRefresh.md;3
API/Doc/store.md;3
API/Doc/unattachTimer.md;3
API/Doc/unLock.md;3
API/Doc/userDocId.md;3
API/Doc/_val2array.md;3
API/Doc/viewattr.md;3
API/Doc/viewdefaultcard.md;3
API/Doc/viewDoc.md;3
API/Doc/viewprop.md;3
API/_IGROUPUSER/introduction.md;2
API/_IGROUPUSER/getAccount.md;3
API/Layout/introduction.md;2
API/Layout/__construct.md;3
API/Layout/gen.md;3
API/Layout/get.md;3
API/Layout/getBlockData.md;3
API/Layout/set.md;3
API/Layout/setBlockData.md;3
API/Log/introduction.md;2
API/Log/debug.md;3
API/Log/deprecated.md;3
API/Log/error.md;3
API/Log/fatal.md;3
API/Log/info.md;3
API/Log/warning.md;3
API/new_Doc/introduction.md;2
API/new_Doc/new_Doc.md;3
API/NormalAttribute/introduction.md;2
API/NormalAttribute/NormalAttribute.md;3
API/ParameterManager/introduction.md;2
API/ParameterManager/getApplicationParameter.md;3
API/ParameterManager/getParameter.md;3
API/ParameterManager/setApplicationParameter.md;3
API/ParameterManager/setGlobalParameter.md;3
API/ParameterManager/setGlobalUserParameter.md;3
API/ParameterManager/setUserApplicationParameter.md;3
API/SearchAccount/introduction.md;2
API/SearchAccount/addFilter.md;3
API/SearchAccount/addGroupFilter.md;3
API/SearchAccount/addRoleFilter.md;3
API/SearchAccount/docName2login.md;3
API/SearchAccount/search.md;3
API/SearchAccount/setObjectReturn.md;3
API/SearchAccount/setOrder.md;3
API/SearchAccount/setSlice.md;3
API/SearchAccount/setStart.md;3
API/SearchAccount/setTypeFilter.md;3
API/SearchAccount/useViewControl.md;3
API/SearchDoc/introduction.md;2
API/SearchDoc/addGeneralFilter.md;3
API/SearchDoc/__construct.md;3
API/SearchDoc/count.md;3
API/SearchDoc/excludeConfidential.md;3
API/SearchDoc/getDocumentList.md;3
API/SearchDoc/getError.md;3
API/SearchDoc/getFilters.md;3
API/SearchDoc/getIds.md;3
API/SearchDoc/getOriginalQuery.md;3
API/SearchDoc/getSearchInfo.md;3
API/SearchDoc/isExecuted.md;3
API/SearchDoc/join.md;3
API/SearchDoc/nextDoc.md;3
API/SearchDoc/noViewControl.md;3
API/SearchDoc/onlyCount.md;3
API/SearchDoc/reset.md;3
API/SearchDoc/rewind.md;3
API/SearchDoc/search.md;3
API/SearchDoc/setObjectReturn.md;3
API/SearchDoc/setOrder.md;3
API/SearchDoc/setPertinenceOrder.md;3
API/SearchDoc/setRecursiveSearch.md;3
API/SearchDoc/setSlice.md;3
API/SearchDoc/setStart.md;3
API/SearchDoc/useCollection.md;3
Actions/introduction.md;1
Advanced/introduction.md;1
Advanced/Cinematique/introduction.md;2
Advanced/Database/introduction.md;2
Advanced/Persistance/introduction.md;2
Advanced/Persistance/dbobj.md;3
Advanced/Persistance/doc.md;3
Advanced/Persistance/querydb.md;3
Advanced/Persistance/params.md;3
Advanced/Persistance/famille.md;3
Advanced/Persistance/user.md;3
Advanced/Persistance/acl.md;3
Advanced/Persistance/application-action.md;3
Advanced/Persistance/permission.md;3
Advanced/Recherche/introduction.md;2
Advanced/Recherche/searchdoc.md;3
Advanced/Recherche/dsearch.md;3
Advanced/Recherche/rapport.md;3
Advanced/Recherche/ssearch.md;3
Advanced/Authent/introduction.md;2
Advanced/Authent/provider.md;3
Advanced/Authent/session.md;3
Advanced/Security/introduction.md;2
Advanced/Security/profils.md;3
Advanced/Template/introduction.md;2
Advanced/Template/texte.md;3
Advanced/Template/odt.md;3
